{
  "schema_version": "1.0",
  "reference_camera_id": "pi-cam-01",
  "created_at": "2026-03-08T20:14:54.784579+00:00",
  "wand": {
    "name": "wand_l_b5_v1",
    "marker_diameter_mm": 14.0,
    "points_mm": [
      [
        0.0,
        0.0,
        0.0
      ],
      [
        168.0,
        0.0,
        0.0
      ],
      [
        0.0,
        243.0,
        0.0
      ]
    ]
  },
  "session_meta": {
    "session_id": null,
    "log_path": "logs/wand_capture.jsonl",
    "pair_window_us": 12000,
    "min_pairs": 8,
    "target_camera_ids": [
      "pi-cam-01",
      "pi-cam-02"
    ]
  },
  "cameras": [
    {
      "camera_id": "pi-cam-01",
      "rotation_matrix": [
        [
          1.0,
          0.0,
          0.0
        ],
        [
          0.0,
          1.0,
          0.0
        ],
        [
          0.0,
          0.0,
          1.0
        ]
      ],
      "translation_m": [
        0.0,
        0.0,
        0.0
      ],
      "quality": {
        "pair_count": 0,
        "point_count": 0,
        "inlier_ratio": 1.0,
        "median_reproj_error_px": 0.0,
        "baseline_m": 0.0,
        "scale_m_per_unit": 1.0
      }
    },
    {
      "rotation_matrix": [
        [
          -0.8585179646683256,
          0.07196991627603255,
          0.5077078249278579
        ],
        [
          0.029476859349426558,
          0.9953910334933908,
          -0.09125680908213735
        ],
        [
          -0.5119355614768811,
          -0.06337997784932077,
          -0.8566825312233056
        ]
      ],
      "translation_m": [
        -2.4228325278800225,
        0.5961061165833974,
        6.2272016263899195
      ],
      "essential_matrix": [
        [
          0.05151426843514322,
          0.6573362634433557,
          -0.0060714269222434825
        ],
        [
          0.694250913782338,
          -0.031053635253004815,
          -0.11447007247469008
        ],
        [
          -0.04641519389861456,
          0.2587240689163543,
          0.00859555590800452
        ]
      ],
      "quality": {
        "pair_count": 3882,
        "point_count": 11646,
        "inlier_ratio": 1.0,
        "median_reproj_error_px": 3.5755405661156,
        "baseline_m": 6.708464806205284,
        "scale_m_per_unit": 6.708464806205283
      },
      "camera_id": "pi-cam-02"
    }
  ]
}