{
  "schema_version": "1.0",
  "reference_camera_id": "pi-cam-01",
  "created_at": "2026-03-10T15:20:50.717827+00:00",
  "wand": {
    "name": "wand_l_b5_v1",
    "marker_diameter_mm": 14.0,
    "points_mm": [
      [
        0.0,
        0.0,
        0.0
      ],
      [
        182.0,
        0.0,
        0.0
      ],
      [
        0.0,
        128.5,
        0.0
      ],
      [
        0.0,
        257.0,
        0.0
      ]
    ]
  },
  "session_meta": {
    "session_id": "rerun-with-confidence",
    "log_path": "logs/wand_capture.jsonl",
    "pair_window_us": 8000,
    "min_pairs": 8,
    "max_ba_samples": 80,
    "min_label_confidence": 0.45,
    "target_camera_ids": [
      "pi-cam-01",
      "pi-cam-02"
    ],
    "sample_count": 225,
    "accepted_sample_count": 80,
    "excluded_camera_ids": [],
    "excluded_camera_reasons": {},
    "pair_delta_us_stats": {
      "p50": 4629.0,
      "p90": 6804.6,
      "p99": 7292.649999999999,
      "max": 7502.0
    },
    "dropped_frame_counts_by_reason": {
      "not_enough_blobs": 59,
      "failed_labeling": 2,
      "temporal_jump": 574,
      "low_confidence": 0
    },
    "label_confidence_stats": {
      "count": 1133,
      "p50": 0.9578353630929056,
      "p90": 0.9749976824860919,
      "min": 0.8954927806811639,
      "mean": 0.9569866783280232
    },
    "optimizer": {
      "iterations": 9,
      "cost": 48321.80869594552
    }
  },
  "cameras": [
    {
      "camera_id": "pi-cam-01",
      "rotation_matrix": [
        [
          1.0,
          0.0,
          0.0
        ],
        [
          0.0,
          1.0,
          0.0
        ],
        [
          0.0,
          0.0,
          1.0
        ]
      ],
      "translation_m": [
        0.0,
        0.0,
        0.0
      ],
      "quality": {
        "pair_count": 0,
        "point_count": 0,
        "inlier_ratio": 1.0,
        "median_reproj_error_px": 0.0,
        "baseline_m": 0.0,
        "scale_m_per_unit": 1.0,
        "init_median_reproj_error_px": 9389.824364422695,
        "final_p90_reproj_error_px": 210769620.04774284
      }
    },
    {
      "camera_id": "pi-cam-02",
      "rotation_matrix": [
        [
          0.21943862537926903,
          0.17063922110565485,
          -0.9605878127022601
        ],
        [
          -0.4662736507218649,
          0.8832050157243038,
          0.050376411562721435
        ],
        [
          0.8569921658534349,
          0.43684225576274993,
          0.2733738671598861
        ]
      ],
      "translation_m": [
        7.079631422681729,
        -0.7006496368171286,
        0.6773197557961971
      ],
      "essential_matrix": [
        [
          -0.028163497508042215,
          -0.0894754823945574,
          -0.02232818855213357
        ],
        [
          -0.5856179695104415,
          -0.29457275443108044,
          -0.2558755965905925
        ],
        [
          -0.31141249596739556,
          0.6305162955268327,
          -0.031305448209457215
        ]
      ],
      "quality": {
        "pair_count": 80,
        "point_count": 320,
        "inlier_ratio": 1.0,
        "median_reproj_error_px": 130752447.21405877,
        "baseline_m": 7.146387412265467,
        "scale_m_per_unit": 7.146387412265467,
        "init_median_reproj_error_px": 9389.824364422695,
        "final_p90_reproj_error_px": 210769620.04774284
      }
    }
  ]
}