{
  "schema_version": "1.0",
  "reference_camera_id": "pi-cam-01",
  "created_at": "2026-03-10T18:15:57.530759+00:00",
  "wand": {
    "name": "wand_l_b5_v1",
    "marker_diameter_mm": 14.0,
    "points_mm": [
      [
        0.0,
        0.0,
        0.0
      ],
      [
        182.0,
        0.0,
        0.0
      ],
      [
        0.0,
        128.5,
        0.0
      ],
      [
        0.0,
        257.0,
        0.0
      ]
    ]
  },
  "session_meta": {
    "session_id": null,
    "method": "pose_capture",
    "pose_capture_log_path": "logs/extrinsics_pose_capture.jsonl",
    "wand_metric_log_path": "logs/extrinsics_wand_metric.jsonl",
    "pair_window_us": 8000,
    "min_pairs": 8,
    "max_ba_samples": 80,
    "sample_count": 80,
    "accepted_sample_count": 1434,
    "camera_graph_edges": [
      {
        "camera_a": "pi-cam-01",
        "camera_b": "pi-cam-02",
        "usable_points": 1114.0,
        "inlier_ratio": 0.7768479776847977,
        "angle_score": 1.0,
        "score": 865.4086471408647
      }
    ],
    "optimizer": {
      "iterations": 36,
      "cost": 110675.56091316341,
      "initial_cost": 52888308041740.54
    },
    "scale_source": "wand_floor_metric",
    "floor_source": "wand_floor_metric",
    "scale_m_per_unit": 7.312065661838668,
    "wand_metric_frames": 104,
    "validation": {
      "median_reproj_error_px": 166.8611185134814,
      "p90_reproj_error_px": 253.54866579125314,
      "positive_depth_ratio": 1.0,
      "baseline_range_m": [
        7.31211311122215,
        7.31211311122215
      ],
      "per_camera_median_reproj_px": {
        "pi-cam-01": 217.30809495640898,
        "pi-cam-02": 162.31431186782862
      },
      "floor_residual_mm": 6.156746334645378,
      "world_up_consistency": 0.9999235646979681
    },
    "capture_summary": {
      "camera_count": 2,
      "observation_count": 2923,
      "quality_p50": 1.0,
      "quality_p90": 1.0,
      "single_blob_ratio": 1.0
    },
    "floor_normal_similarity": [
      0.21277012592576597,
      0.9423125010319093,
      0.2584105723698653
    ],
    "origin_world": [
      1.2131699789706425,
      -5.865608248621071,
      1.6168323875033654
    ],
    "origin_marker": "elbow",
    "aligned_axis_world": [
      0.0,
      1.0,
      0.0
    ],
    "up_axis": "Z",
    "metric_pose_source": "pose_capture_similarity"
  },
  "cameras": [
    {
      "camera_id": "pi-cam-01",
      "rotation_matrix": [
        [
          0.8972698686173409,
          0.38682768306437615,
          0.212770125925766
        ],
        [
          -0.2931296465674026,
          0.16162351531338914,
          0.9423125010319094
        ],
        [
          0.33012390579097634,
          -0.9078778458101008,
          0.25841057236986525
        ]
      ],
      "translation_m": [
        -0.8364251502459437,
        0.2199250590624926,
        6.143558775651082
      ],
      "quality": {
        "pair_count": 0,
        "point_count": 0,
        "inlier_ratio": 1.0,
        "median_reproj_error_px": 217.30809495640898,
        "baseline_m": 0.0,
        "scale_m_per_unit": 1.0
      }
    },
    {
      "camera_id": "pi-cam-02",
      "rotation_matrix": [
        [
          0.36021018714887365,
          0.6777441620774993,
          -0.6410237685484378
        ],
        [
          -0.8486433348891179,
          -0.047264414027635676,
          -0.5268496610181129
        ],
        [
          -0.3873668948457642,
          0.7337771636787918,
          0.5581379424847035
        ]
      ],
      "translation_m": [
        -0.023039936148669782,
        0.2610731833809834,
        1.5385377808710077
      ],
      "quality": {
        "pair_count": 80,
        "point_count": 80,
        "inlier_ratio": 1.0,
        "median_reproj_error_px": 162.31431186782862,
        "baseline_m": 7.31211311122215,
        "scale_m_per_unit": 1.0
      }
    }
  ]
}