{
  "schema_version": "2.0",
  "method": "reference_pose_capture",
  "created_at": "2026-03-14T12:40:17.641189+00:00",
  "pose_capture_log_path": "/Users/loutlot/Documents/cursor/MOCAP/Loutrack2/logs/extrinsics_pose_capture.jsonl",
  "camera_order": [
    "pi-cam-01",
    "pi-cam-02"
  ],
  "pose": {
    "frame": "similarity_camera",
    "camera_poses": [
      {
        "camera_id": "pi-cam-01",
        "R": [
          [
            1.0,
            0.0,
            0.0
          ],
          [
            0.0,
            1.0,
            0.0
          ],
          [
            0.0,
            0.0,
            1.0
          ]
        ],
        "t": [
          0.0,
          0.0,
          0.0
        ],
        "focal_scale": 1.09853017094826,
        "median_reproj_error_px": 12.38465972468216
      },
      {
        "camera_id": "pi-cam-02",
        "R": [
          [
            0.055262200421003604,
            0.1499700847942982,
            -0.9871449046980993
          ],
          [
            -0.3392387548306374,
            0.932663557565615,
            0.12270189733663113
          ],
          [
            0.9390756925964954,
            0.32809703146453717,
            0.10241670527102009
          ]
        ],
        "t": [
          1.5770666896542602,
          -0.21981671843133244,
          0.40241049908097226
        ],
        "focal_scale": 1.0934884633064963,
        "median_reproj_error_px": 7.114291483200234
      }
    ],
    "solve_summary": {
      "captured_rows": 1466,
      "complete_rows": 1451,
      "pair_overlaps": {
        "pi-cam-01|pi-cam-02": 1451
      },
      "iterations": 13,
      "ba_cost": 31889.061144771862,
      "status": 2,
      "success": true,
      "message": "`ftol` termination condition is satisfied.",
      "usable_rows": 1451,
      "median_reproj_error_px": 9.636436395688445,
      "p90_reproj_error_px": 221.54076189580636,
      "matched_delta_us_p50": 1958,
      "matched_delta_us_p90": 1976,
      "matched_delta_us_max": 1987
    }
  },
  "metric": {
    "status": "unresolved",
    "scale_m_per_unit": null,
    "source": null
  },
  "world": {
    "status": "unresolved",
    "frame": null,
    "to_world_matrix": null,
    "floor_plane": null,
    "source": null
  }
}