{
  "custom_rigids": [
    {
      "name": "head",
      "marker_positions": [
        [
          0.04163789100747818,
          0.04736550869332949,
          0.015741493533699365
        ],
        [
          -0.031690786662499096,
          -0.022367867111194803,
          0.05215719089069023
        ],
        [
          -0.06499997578071987,
          5.611154811945871e-05,
          0.0
        ],
        [
          0.061661276372327385,
          0.007030878027334689,
          0.01932495149541659
        ],
        [
          0.0026325338290971324,
          -0.0077891386306936546,
          0.05950675073727709
        ]
      ],
      "marker_diameter_m": 0.014,
      "tracking_policy": {
        "boot_min_markers": 4,
        "reacquire_min_markers": 4,
        "continue_min_markers": 3,
        "strong_4_subsets": [
          [
            0,
            1,
            2,
            3
          ]
        ],
        "strong_3_subsets": [
          [
            0,
            2,
            3
          ]
        ]
      },
      "source": "rigid_body_design_v2_candidate_00252",
      "created_at": 1777865535
    },
    {
      "name": "waist",
      "marker_positions": [
        [
          0.04569874849006547,
          -0.01721910314390907,
          0.0
        ],
        [
          -0.010358687483520231,
          0.012174899645480925,
          0.04892011128029915
        ],
        [
          -0.025249623976417643,
          -0.010174379575769535,
          0.011988929753887195
        ],
        [
          0.0006285218566747207,
          0.06195424744452216,
          0.01965391014171487
        ],
        [
          0.03534131102556036,
          0.035663806084340575,
          0.019739042814989786
        ]
      ],
      "marker_diameter_m": 0.014,
      "tracking_policy": {
        "boot_min_markers": 4,
        "reacquire_min_markers": 4,
        "continue_min_markers": 3,
        "strong_4_subsets": [
          [
            0,
            1,
            2,
            4
          ]
        ],
        "strong_3_subsets": [
          [
            1,
            3,
            4
          ]
        ]
      },
      "source": "rigid_body_design_v2_candidate_00252",
      "created_at": 1777865535
    },
    {
      "name": "chest",
      "marker_positions": [
        [
          -0.04234080589587325,
          0.0006926467494218655,
          0.049313044892487626
        ],
        [
          -0.013456037672225632,
          -0.03000481046416042,
          0.04333467943983845
        ],
        [
          -0.022784779476398336,
          -0.010352237733282726,
          0.00888481650041657
        ],
        [
          0.03734552885846926,
          0.03493971421053089,
          0.023329410128644004
        ],
        [
          0.06154239939606269,
          0.008648336614757246,
          0.01904571737618075
        ]
      ],
      "marker_diameter_m": 0.014,
      "tracking_policy": {
        "boot_min_markers": 4,
        "reacquire_min_markers": 4,
        "continue_min_markers": 3,
        "strong_4_subsets": [
          [
            0,
            1,
            2,
            4
          ]
        ],
        "strong_3_subsets": [
          [
            0,
            1,
            2
          ]
        ]
      },
      "source": "rigid_body_design_v2_candidate_00252",
      "created_at": 1777865535
    },
    {
      "name": "left_foot",
      "marker_positions": [
        [
          0.014063004888047834,
          0.042748521566828984,
          0.031902970565425126
        ],
        [
          -0.03496451763116276,
          -0.0539522814111043,
          0.009572556469257225
        ],
        [
          -0.039551460537347774,
          0.044221631863547786,
          0.0
        ],
        [
          0.04327300250602474,
          0.01002123817786357,
          0.0188056373958303
        ],
        [
          0.013148785768467303,
          -0.06339732132783724,
          0.005734900284216443
        ]
      ],
      "marker_diameter_m": 0.014,
      "tracking_policy": {
        "boot_min_markers": 4,
        "reacquire_min_markers": 4,
        "continue_min_markers": 3,
        "strong_4_subsets": [
          [
            1,
            2,
            3,
            4
          ]
        ],
        "strong_3_subsets": [
          [
            1,
            2,
            3
          ]
        ]
      },
      "source": "rigid_body_design_v2_candidate_00252",
      "created_at": 1777865535
    },
    {
      "name": "right_foot",
      "marker_positions": [
        [
          -0.03844528135315227,
          0.05198894791923148,
          0.006641508558181576
        ],
        [
          0.034950417076899304,
          0.008307589289252288,
          0.03565752143310557
        ],
        [
          0.05619796418625288,
          -0.03266173328714566,
          0.0
        ],
        [
          -0.014244042196702856,
          0.013798005448839237,
          0.049487481149934454
        ],
        [
          -0.03890516454012383,
          -0.025170966421130345,
          0.04524108257086161
        ]
      ],
      "marker_diameter_m": 0.014,
      "tracking_policy": {
        "boot_min_markers": 4,
        "reacquire_min_markers": 4,
        "continue_min_markers": 3,
        "strong_4_subsets": [
          [
            0,
            1,
            2,
            4
          ],
          [
            0,
            2,
            3,
            4
          ]
        ],
        "strong_3_subsets": [
          [
            0,
            2,
            4
          ]
        ]
      },
      "source": "rigid_body_design_v2_candidate_00252",
      "created_at": 1777865535
    }
  ]
}