{
  "custom_rigids": [
    {
      "name": "head",
      "marker_positions": [
        [
          0.041637891007478174,
          0.04736550869332948,
          0.01574149353369936
        ],
        [
          -0.03931586612940811,
          -0.00313399247147768,
          0.05166663102702925
        ],
        [
          -0.06470980716556453,
          5.2675299375079095e-05,
          0.0018007139239936902
        ],
        [
          0.06166127637232737,
          0.007030878027334688,
          0.019324951495416586
        ],
        [
          0.0026325338290971324,
          -0.007789138630693656,
          0.05950675073727709
        ]
      ],
      "marker_diameter_m": 0.014,
      "tracking_policy": {
        "boot_min_markers": 4,
        "reacquire_min_markers": 4,
        "continue_min_markers": 3,
        "strong_4_subsets": [
          [
            0,
            1,
            2,
            3
          ]
        ],
        "strong_3_subsets": [
          [
            0,
            2,
            3
          ]
        ]
      }
    },
    {
      "name": "waist",
      "marker_positions": [
        [
          0.04911700632296753,
          -0.014344166292323315,
          0.0020616566722843474
        ],
        [
          -0.00902812251354554,
          0.012217107402848,
          0.05049914715267569
        ],
        [
          -0.025993319558113934,
          -0.013457456756702953,
          0.008089134963861912
        ],
        [
          0.001368508670758973,
          0.062329817924592565,
          0.018388066279660737
        ],
        [
          0.03585044498502364,
          0.036048320910170246,
          0.01973771063708589
        ]
      ],
      "marker_diameter_m": 0.014,
      "tracking_policy": {
        "boot_min_markers": 4,
        "reacquire_min_markers": 4,
        "continue_min_markers": 3,
        "strong_4_subsets": [
          [
            0,
            1,
            2,
            4
          ]
        ],
        "strong_3_subsets": [
          [
            1,
            3,
            4
          ]
        ]
      }
    },
    {
      "name": "chest",
      "marker_positions": [
        [
          -0.04234080589587325,
          0.0006926467494218655,
          0.049313044892487626
        ],
        [
          -0.013456037672225632,
          -0.03000481046416042,
          0.04333467943983845
        ],
        [
          -0.022784779476398336,
          -0.010352237733282726,
          0.00888481650041657
        ],
        [
          0.03734552885846926,
          0.03493971421053089,
          0.023329410128644004
        ],
        [
          0.06154239939606269,
          0.008648336614757246,
          0.01904571737618075
        ]
      ],
      "marker_diameter_m": 0.014,
      "tracking_policy": {
        "boot_min_markers": 4,
        "reacquire_min_markers": 4,
        "continue_min_markers": 3,
        "strong_4_subsets": [
          [
            0,
            1,
            2,
            4
          ],
          [
            0,
            2,
            3,
            4
          ]
        ],
        "strong_3_subsets": [
          [
            0,
            1,
            2
          ]
        ]
      }
    },
    {
      "name": "left_foot",
      "marker_positions": [
        [
          0.014063004888047834,
          0.042748521566828984,
          0.031902970565425126
        ],
        [
          -0.03496451763116276,
          -0.0539522814111043,
          0.009572556469257225
        ],
        [
          -0.039551460537347774,
          0.044221631863547786,
          0.0
        ],
        [
          0.04327300250602474,
          0.01002123817786357,
          0.0188056373958303
        ],
        [
          0.013148785768467303,
          -0.06339732132783724,
          0.005734900284216443
        ]
      ],
      "marker_diameter_m": 0.014,
      "tracking_policy": {
        "boot_min_markers": 4,
        "reacquire_min_markers": 4,
        "continue_min_markers": 3,
        "strong_4_subsets": [
          [
            1,
            2,
            3,
            4
          ]
        ],
        "strong_3_subsets": [
          [
            1,
            2,
            3
          ]
        ]
      }
    },
    {
      "name": "right_foot",
      "marker_positions": [
        [
          -0.04148867099763337,
          0.04984969136668947,
          0.004324170382390332
        ],
        [
          0.03398603620588968,
          0.016164412746592027,
          0.029766023820405864
        ],
        [
          0.056223654808535244,
          -0.03261735754660859,
          9.28797468082776e-05
        ],
        [
          -0.0156807710660026,
          0.025187290588415588,
          0.03980233344643332
        ],
        [
          -0.037619329077635356,
          -0.02126557706035322,
          0.04855472491981349
        ]
      ],
      "marker_diameter_m": 0.014,
      "tracking_policy": {
        "boot_min_markers": 4,
        "reacquire_min_markers": 4,
        "continue_min_markers": 3,
        "strong_4_subsets": [
          [
            0,
            1,
            2,
            4
          ]
        ],
        "strong_3_subsets": [
          [
            0,
            2,
            4
          ]
        ]
      }
    }
  ]
}