{
  "custom_rigids": [
    {
      "name": "head",
      "marker_positions": [
        [
          0.04109922105855797,
          0.0496796264069133,
          0.008233392280786069
        ],
        [
          -0.03272538924931551,
          -0.023344733960044523,
          0.0510790788367951
        ],
        [
          -0.063258972942403,
          -0.00523294264404238,
          0.0
        ],
        [
          0.06280879172110637,
          0.004570578679480239,
          0.01609861773784824
        ],
        [
          -0.000585811503461731,
          -0.004977118788424707,
          0.06480652060902763
        ]
      ],
      "marker_diameter_m": 0.014,
      "tracking_policy": {
        "boot_min_markers": 4,
        "reacquire_min_markers": 4,
        "continue_min_markers": 3,
        "strong_4_subsets": [
          [
            0,
            1,
            2,
            3
          ]
        ],
        "strong_3_subsets": [
          [
            0,
            2,
            3
          ]
        ]
      }
    },
    {
      "name": "waist",
      "marker_positions": [
        [
          0.04911700632296753,
          -0.014344166292323315,
          0.0020616566722843474
        ],
        [
          -0.00902812251354554,
          0.012217107402848,
          0.05049914715267569
        ],
        [
          -0.025993319558113934,
          -0.013457456756702953,
          0.008089134963861912
        ],
        [
          0.001368508670758973,
          0.062329817924592565,
          0.018388066279660737
        ],
        [
          0.03585044498502364,
          0.036048320910170246,
          0.01973771063708589
        ]
      ],
      "marker_diameter_m": 0.014,
      "tracking_policy": {
        "boot_min_markers": 4,
        "reacquire_min_markers": 4,
        "continue_min_markers": 3,
        "strong_4_subsets": [
          [
            0,
            1,
            2,
            4
          ]
        ],
        "strong_3_subsets": [
          [
            1,
            3,
            4
          ]
        ]
      }
    },
    {
      "name": "chest",
      "marker_positions": [
        [
          -0.04234080589587325,
          0.0006926467494218655,
          0.049313044892487626
        ],
        [
          -0.013456037672225632,
          -0.03000481046416042,
          0.04333467943983845
        ],
        [
          -0.022784779476398336,
          -0.010352237733282726,
          0.00888481650041657
        ],
        [
          0.03734552885846926,
          0.03493971421053089,
          0.023329410128644004
        ],
        [
          0.06154239939606269,
          0.008648336614757246,
          0.01904571737618075
        ]
      ],
      "marker_diameter_m": 0.014,
      "tracking_policy": {
        "boot_min_markers": 4,
        "reacquire_min_markers": 4,
        "continue_min_markers": 3,
        "strong_4_subsets": [
          [
            0,
            1,
            2,
            4
          ]
        ],
        "strong_3_subsets": [
          [
            0,
            1,
            2
          ]
        ]
      }
    },
    {
      "name": "left_foot",
      "marker_positions": [
        [
          0.014063004888047834,
          0.042748521566828984,
          0.031902970565425126
        ],
        [
          -0.03496451763116276,
          -0.0539522814111043,
          0.009572556469257225
        ],
        [
          -0.039551460537347774,
          0.044221631863547786,
          0.0
        ],
        [
          0.04327300250602474,
          0.01002123817786357,
          0.0188056373958303
        ],
        [
          0.013148785768467303,
          -0.06339732132783724,
          0.005734900284216443
        ]
      ],
      "marker_diameter_m": 0.014,
      "tracking_policy": {
        "boot_min_markers": 4,
        "reacquire_min_markers": 4,
        "continue_min_markers": 3,
        "strong_4_subsets": [
          [
            1,
            2,
            3,
            4
          ]
        ],
        "strong_3_subsets": [
          [
            1,
            2,
            3
          ]
        ]
      }
    },
    {
      "name": "right_foot",
      "marker_positions": [
        [
          -0.041714989291092075,
          0.049806626897356376,
          0.002039506202886064
        ],
        [
          0.037501237377097874,
          0.017288583952454247,
          0.03020726389833621
        ],
        [
          0.05641242542761128,
          -0.03228990952873971,
          0.0
        ],
        [
          -0.018638562045364324,
          0.01809680602935518,
          0.04895058526571098
        ],
        [
          -0.042139925877098264,
          -0.02554627303767952,
          0.042386490547779404
        ]
      ],
      "marker_diameter_m": 0.014,
      "tracking_policy": {
        "boot_min_markers": 4,
        "reacquire_min_markers": 4,
        "continue_min_markers": 3,
        "strong_4_subsets": [
          [
            0,
            2,
            3,
            4
          ]
        ],
        "strong_3_subsets": [
          [
            0,
            2,
            4
          ]
        ]
      }
    }
  ]
}