{
  "custom_rigids": [
    {
      "name": "head",
      "marker_positions": [
        [
          0.04163789100747818,
          0.04736550869332949,
          0.015741493533699365
        ],
        [
          -0.031690786662499096,
          -0.022367867111194803,
          0.05215719089069023
        ],
        [
          -0.06499997578071987,
          5.611154811945871e-05,
          0.0
        ],
        [
          0.061661276372327385,
          0.007030878027334689,
          0.01932495149541659
        ],
        [
          0.0026325338290971324,
          -0.0077891386306936546,
          0.05950675073727709
        ]
      ],
      "marker_diameter_m": 0.014,
      "tracking_policy": {
        "boot_min_markers": 4,
        "reacquire_min_markers": 4,
        "continue_min_markers": 3,
        "strong_4_subsets": [
          [
            0,
            1,
            2,
            3
          ]
        ],
        "strong_3_subsets": [
          [
            0,
            2,
            3
          ]
        ]
      }
    },
    {
      "name": "waist",
      "marker_positions": [
        [
          0.04895494953309504,
          -0.01489079815921498,
          0.006456027693882143
        ],
        [
          -0.009146428807725262,
          0.016354940204648727,
          0.048880195165150145
        ],
        [
          -0.026385464072430302,
          -0.011115700131350242,
          0.011747328881660104
        ],
        [
          0.001280426988296802,
          0.06237125359374503,
          0.01825341699168647
        ],
        [
          0.032169873474569635,
          0.03859658545205223,
          0.011054868152058554
        ]
      ],
      "marker_diameter_m": 0.014,
      "tracking_policy": {
        "boot_min_markers": 4,
        "reacquire_min_markers": 4,
        "continue_min_markers": 3,
        "strong_4_subsets": [
          [
            0,
            1,
            2,
            4
          ]
        ],
        "strong_3_subsets": [
          [
            1,
            3,
            4
          ],
          [
            0,
            2,
            3
          ]
        ]
      }
    },
    {
      "name": "chest",
      "marker_positions": [
        [
          -0.04234080589587325,
          0.0006926467494218655,
          0.049313044892487626
        ],
        [
          -0.013456037672225632,
          -0.03000481046416042,
          0.04333467943983845
        ],
        [
          -0.022784779476398336,
          -0.010352237733282726,
          0.00888481650041657
        ],
        [
          0.03734552885846926,
          0.03493971421053089,
          0.023329410128644004
        ],
        [
          0.06154239939606269,
          0.008648336614757246,
          0.01904571737618075
        ]
      ],
      "marker_diameter_m": 0.014,
      "tracking_policy": {
        "boot_min_markers": 4,
        "reacquire_min_markers": 4,
        "continue_min_markers": 3,
        "strong_4_subsets": [
          [
            0,
            1,
            2,
            4
          ]
        ],
        "strong_3_subsets": [
          [
            0,
            1,
            2
          ]
        ]
      }
    },
    {
      "name": "left_foot",
      "marker_positions": [
        [
          0.014063004888047834,
          0.042748521566828984,
          0.031902970565425126
        ],
        [
          -0.03496451763116276,
          -0.0539522814111043,
          0.009572556469257225
        ],
        [
          -0.039551460537347774,
          0.044221631863547786,
          0.0
        ],
        [
          0.04327300250602474,
          0.01002123817786357,
          0.0188056373958303
        ],
        [
          0.013148785768467303,
          -0.06339732132783724,
          0.005734900284216443
        ]
      ],
      "marker_diameter_m": 0.014,
      "tracking_policy": {
        "boot_min_markers": 4,
        "reacquire_min_markers": 4,
        "continue_min_markers": 3,
        "strong_4_subsets": [
          [
            1,
            2,
            3,
            4
          ]
        ],
        "strong_3_subsets": [
          [
            1,
            2,
            3
          ]
        ]
      }
    },
    {
      "name": "right_foot",
      "marker_positions": [
        [
          -0.02925771253837599,
          0.05800634306128802,
          0.0020616550821898334
        ],
        [
          0.04081377362468849,
          0.015434320426367663,
          0.034458357191631546
        ],
        [
          0.05607026272884601,
          -0.03273195401008722,
          0.003121670097835207
        ],
        [
          -0.01695265332545719,
          0.01655693157928745,
          0.046383126517976804
        ],
        [
          -0.03978248166484569,
          -0.020679570600380656,
          0.04706070029621414
        ]
      ],
      "marker_diameter_m": 0.014,
      "tracking_policy": {
        "boot_min_markers": 4,
        "reacquire_min_markers": 4,
        "continue_min_markers": 3,
        "strong_4_subsets": [
          [
            0,
            1,
            2,
            4
          ],
          [
            0,
            2,
            3,
            4
          ]
        ],
        "strong_3_subsets": [
          [
            0,
            2,
            4
          ],
          [
            0,
            1,
            4
          ]
        ]
      }
    }
  ]
}