{
  "custom_rigids": [
    {
      "name": "head",
      "marker_positions": [
        [
          0.04163789100747818,
          0.04736550869332949,
          0.015741493533699365
        ],
        [
          -0.031690786662499096,
          -0.022367867111194803,
          0.05215719089069023
        ],
        [
          -0.06499997578071987,
          5.61115481194587e-05,
          0.0
        ],
        [
          0.061661276372327385,
          0.007030878027334689,
          0.01932495149541659
        ],
        [
          0.0026325338290971324,
          -0.007789138630693653,
          0.05950675073727709
        ]
      ],
      "marker_diameter_m": 0.014,
      "tracking_policy": {
        "boot_min_markers": 4,
        "reacquire_min_markers": 4,
        "continue_min_markers": 3,
        "strong_4_subsets": [
          [
            0,
            1,
            2,
            3
          ]
        ],
        "strong_3_subsets": [
          [
            0,
            2,
            3
          ]
        ]
      }
    },
    {
      "name": "waist",
      "marker_positions": [
        [
          0.04700717223017571,
          -0.006803885350735419,
          0.009139602420363975
        ],
        [
          -0.0013994510695632973,
          0.009302999064505478,
          0.0544261911993461
        ],
        [
          -0.028064360655497764,
          -0.013768302420487603,
          0.013887402870724135
        ],
        [
          -0.000832425886246604,
          0.061032480615851564,
          0.02234599241518734
        ],
        [
          0.029819848592197815,
          0.04344741713909074,
          0.01791830292731061
        ]
      ],
      "marker_diameter_m": 0.014,
      "tracking_policy": {
        "boot_min_markers": 4,
        "reacquire_min_markers": 4,
        "continue_min_markers": 3,
        "strong_4_subsets": [
          [
            0,
            1,
            2,
            3
          ]
        ],
        "strong_3_subsets": [
          [
            1,
            3,
            4
          ]
        ]
      }
    },
    {
      "name": "chest",
      "marker_positions": [
        [
          -0.04234080589587325,
          0.0006926467494218655,
          0.049313044892487626
        ],
        [
          -0.013456037672225632,
          -0.03000481046416042,
          0.04333467943983845
        ],
        [
          -0.022784779476398336,
          -0.010352237733282726,
          0.00888481650041657
        ],
        [
          0.03734552885846926,
          0.03493971421053089,
          0.023329410128644004
        ],
        [
          0.06154239939606269,
          0.008648336614757246,
          0.01904571737618075
        ]
      ],
      "marker_diameter_m": 0.014,
      "tracking_policy": {
        "boot_min_markers": 4,
        "reacquire_min_markers": 4,
        "continue_min_markers": 3,
        "strong_4_subsets": [
          [
            0,
            1,
            2,
            4
          ]
        ],
        "strong_3_subsets": [
          [
            0,
            1,
            2
          ]
        ]
      }
    },
    {
      "name": "left_foot",
      "marker_positions": [
        [
          0.014063004888047834,
          0.042748521566828984,
          0.031902970565425126
        ],
        [
          -0.03496451763116276,
          -0.0539522814111043,
          0.009572556469257225
        ],
        [
          -0.039551460537347774,
          0.044221631863547786,
          0.0
        ],
        [
          0.04327300250602474,
          0.01002123817786357,
          0.0188056373958303
        ],
        [
          0.013148785768467303,
          -0.06339732132783724,
          0.005734900284216443
        ]
      ],
      "marker_diameter_m": 0.014,
      "tracking_policy": {
        "boot_min_markers": 4,
        "reacquire_min_markers": 4,
        "continue_min_markers": 3,
        "strong_4_subsets": [
          [
            1,
            2,
            3,
            4
          ]
        ],
        "strong_3_subsets": [
          [
            1,
            2,
            3
          ]
        ]
      }
    },
    {
      "name": "right_foot",
      "marker_positions": [
        [
          -0.033037243040297565,
          0.05145999373191242,
          0.022032013466949486
        ],
        [
          0.0301126210792093,
          0.013833229647466808,
          0.03548218014058722
        ],
        [
          0.05382915278136109,
          -0.03069872269244008,
          0.003405251620777282
        ],
        [
          -0.010398938482231153,
          0.014028866998418496,
          0.03248791038082116
        ],
        [
          -0.040611637868471065,
          -0.019124369972827033,
          0.04701014085048671
        ]
      ],
      "marker_diameter_m": 0.014,
      "tracking_policy": {
        "boot_min_markers": 4,
        "reacquire_min_markers": 4,
        "continue_min_markers": 3,
        "strong_4_subsets": [
          [
            0,
            1,
            2,
            3
          ],
          [
            0,
            2,
            3,
            4
          ],
          [
            0,
            1,
            2,
            4
          ]
        ],
        "strong_3_subsets": [
          [
            0,
            1,
            2
          ]
        ]
      }
    }
  ]
}