{
  "schema_version": "1.0",
  "camera_id": "pi-cam-01",
  "camera_model": "pinhole",
  "resolution": {
    "width": 2304,
    "height": 1296
  },
  "camera_matrix": {
    "fx": 961.8702980982098,
    "fy": 958.5352378077124,
    "cx": 1152.3714744651566,
    "cy": 666.7373849922482,
    "matrix": [
      [
        961.8702980982098,
        0.0,
        1152.3714744651566
      ],
      [
        0.0,
        958.5352378077124,
        666.7373849922482
      ],
      [
        0.0,
        0.0,
        1.0
      ]
    ]
  },
  "distortion_coefficients": {
    "k1": 0.0345735990526685,
    "k2": -0.045065860842558876,
    "p1": 0.0007834672443248254,
    "p2": 0.00016339257283545648,
    "k3": 5.079026766747483e-05,
    "array": [
      0.0345735990526685,
      -0.045065860842558876,
      0.0007834672443248254,
      0.00016339257283545648,
      5.079026766747483e-05
    ]
  },
  "rms_error": 1.1056061927599088,
  "captured_at": "2026-03-07T09:18:02.736813+00:00",
  "board": {
    "type": "charuco",
    "squares_x": 6,
    "squares_y": 8,
    "square_length_m": 0.03,
    "marker_length_m": 0.02,
    "dictionary": "DICT_6X6_250"
  },
  "quality": {
    "mean_error": 0.17503570182486122,
    "max_error": 0.5103026598484984,
    "per_view_errors": [
      0.2803247277049299,
      0.3348408689917792,
      0.059671577157203455,
      0.1199242554465824,
      0.0730767973354982,
      0.137235216103295,
      0.4867375911818184,
      0.06529980562455005,
      0.13074103919799762,
      0.08349905415344981,
      0.18121595016836273,
      0.12333764417284405,
      0.09948924301817313,
      0.3860671146038218,
      0.16156109821618375,
      0.3941702521012444,
      0.5103026598484984,
      0.20148851133233694,
      0.13024526141442852,
      0.226080042885556,
      0.20789504106742188,
      0.360955155644815,
      0.31766382471657556,
      0.12646771318428005,
      0.10302151133603478,
      0.28824781029074403,
      0.22071547298772742,
      0.2861469614214927,
      0.0731769765789388,
      0.0821683971672585,
      0.03547326640407834,
      0.05822749516930988,
      0.0670212477677345,
      0.05326759852822303,
      0.15584987967237396,
      0.10563789993113966,
      0.05188748079648699,
      0.08359050746803404,
      0.09814921291082135,
      0.16452383212820912,
      0.08340451325171985,
      0.08615292320490592,
      0.14058271783405926,
      0.3099635943531348,
      0.13110683764468203
    ],
    "pixel_aspect_ratio": 1.0034793298764113,
    "num_valid_frames": 45,
    "total_points": 1181
  }
}
