{
  "schema_version": "1.0",
  "camera_id": "pi-cam-02",
  "camera_model": "pinhole",
  "resolution": {
    "width": 2304,
    "height": 1296
  },
  "camera_matrix": {
    "fx": 1008.2980201936888,
    "fy": 1009.8794195371423,
    "cx": 1158.9861198299357,
    "cy": 655.2267538609942,
    "matrix": [
      [
        1008.2980201936888,
        0.0,
        1158.9861198299357
      ],
      [
        0.0,
        1009.8794195371423,
        655.2267538609942
      ],
      [
        0.0,
        0.0,
        1.0
      ]
    ]
  },
  "distortion_coefficients": {
    "k1": 0.007196000514608121,
    "k2": 0.01847201583993696,
    "p1": 0.0009040393354366991,
    "p2": -0.0008727521871538924,
    "k3": -0.03330158792891084,
    "array": [
      0.007196000514608121,
      0.01847201583993696,
      0.0009040393354366991,
      -0.0008727521871538924,
      -0.03330158792891084
    ]
  },
  "rms_error": 0.9530294773596628,
  "captured_at": "2026-03-07T17:46:34.632556+00:00",
  "board": {
    "type": "charuco",
    "squares_x": 6,
    "squares_y": 8,
    "square_length_m": 0.03,
    "marker_length_m": 0.02,
    "dictionary": "DICT_6X6_250"
  },
  "quality": {
    "mean_error": 0.15239054763013912,
    "max_error": 0.33568568934543086,
    "per_view_errors": [
      0.03770608660046798,
      0.05311643420151337,
      0.0584729038328574,
      0.10050559362081919,
      0.03119006759097373,
      0.06703475200849743,
      0.0852835372683806,
      0.05782812023363598,
      0.13253538286808844,
      0.3174521044544323,
      0.20987053965047617,
      0.28224244425847866,
      0.062381525568492566,
      0.10244939406692564,
      0.2702736815548844,
      0.19611919171750836,
      0.15279180910939805,
      0.08386535025737417,
      0.12749816268121905,
      0.18540060953401746,
      0.07447731373724667,
      0.2173469884189597,
      0.24642429104811936,
      0.11779985894582981,
      0.06977952759741289,
      0.19670272544127596,
      0.19221781182120895,
      0.07859318359659369,
      0.33568568934543086,
      0.1390019613270844,
      0.14811422359696297,
      0.06509809147781834,
      0.191181255148348,
      0.2619016855281728,
      0.15179687087448998,
      0.23524423068188724,
      0.13613509210961983,
      0.19559439272142654,
      0.17841377932022495,
      0.245120951133122,
      0.15736483788602834
    ],
    "pixel_aspect_ratio": 0.9984340711248691,
    "num_valid_frames": 41,
    "total_points": 1190
  }
}
