{
  "schema_version": "1.0",
  "camera_id": "pi-cam-01",
  "camera_model": "pinhole",
  "resolution": {
    "width": 2304,
    "height": 1296
  },
  "camera_matrix": {
    "fx": 4654.7717767907425,
    "fy": 4017.4502042824183,
    "cx": 1261.1656800281567,
    "cy": 659.0218508526508,
    "matrix": [
      [
        4654.7717767907425,
        0.0,
        1261.1656800281567
      ],
      [
        0.0,
        4017.4502042824183,
        659.0218508526508
      ],
      [
        0.0,
        0.0,
        1.0
      ]
    ]
  },
  "distortion_coefficients": {
    "k1": 1.7795056232679216,
    "k2": -35.74527998775372,
    "p1": 0.07795692396031809,
    "p2": 0.010796708762611969,
    "k3": 365.7350557074791,
    "array": [
      1.7795056232679216,
      -35.74527998775372,
      0.07795692396031809,
      0.010796708762611969,
      365.7350557074791
    ]
  },
  "rms_error": 2.7725222711773294,
  "captured_at": "2026-02-23T19:09:11.587955+00:00",
  "board": {
    "type": "charuco",
    "squares_x": 6,
    "squares_y": 8,
    "square_length_m": 0.03,
    "marker_length_m": 0.02,
    "dictionary": "DICT_6X6_250"
  },
  "quality": {
    "mean_error": 0.40149882430750605,
    "max_error": 1.1064896149558372,
    "per_view_errors": [
      0.5905293999933804,
      0.31260721397455127,
      0.2277526773100905,
      0.14391818635110618,
      0.37110088634287475,
      0.1674259287573641,
      0.47110635587057176,
      1.1064896149558372,
      0.3159121998084911,
      0.14393024517964778,
      0.21685911739018615,
      0.2040532130776493,
      0.2610845593085463,
      0.20604673461775208,
      0.5417277807817272,
      0.5842846176158487,
      0.13177106020164442,
      0.19696824763794474,
      0.5700312678463005,
      0.7450707185381417,
      0.2983136291853002,
      0.3528428429749163,
      0.7687750549747677,
      0.3598049933414577,
      0.8382235826318235,
      0.3111668780938101,
      0.47379420821118834,
      0.08491898753244716,
      0.7774841379656597,
      0.270970388754157
    ],
    "pixel_aspect_ratio": 1.158638325331069,
    "num_valid_frames": 30,
    "total_points": 1044
  }
}
