{
  "custom_rigids": [
    {
      "name": "head",
      "marker_positions": [
        [
          -0.04234080589587325,
          0.0006926467494218655,
          0.049313044892487626
        ],
        [
          -0.013456037672225632,
          -0.03000481046416042,
          0.04333467943983845
        ],
        [
          -0.022784779476398336,
          -0.010352237733282726,
          0.00888481650041657
        ],
        [
          0.03734552885846926,
          0.03493971421053089,
          0.023329410128644004
        ],
        [
          0.06154239939606269,
          0.008648336614757246,
          0.01904571737618075
        ]
      ],
      "marker_diameter_m": 0.014,
      "tracking_policy": {
        "boot_min_markers": 4,
        "reacquire_min_markers": 4,
        "continue_min_markers": 3,
        "strong_4_subsets": [
          [
            0,
            1,
            2,
            4
          ]
        ],
        "strong_3_subsets": [
          [
            0,
            1,
            2
          ]
        ]
      },
      "source_shape_name": "chest"
    },
    {
      "name": "chest",
      "marker_positions": [
        [
          0.044387065299409195,
          0.04509451617705203,
          0.014875249405088177
        ],
        [
          -0.032847996464034364,
          -0.023630136269364548,
          0.050868711288866435
        ],
        [
          -0.0647872771510304,
          0.004267224133341896,
          0.0030658632636500647
        ],
        [
          0.06210060787013412,
          0.0013027087269757525,
          0.019152479007493988
        ],
        [
          -0.0011800028866344905,
          0.0005414983442197343,
          0.058750224290459487
        ]
      ],
      "marker_diameter_m": 0.014,
      "tracking_policy": {
        "boot_min_markers": 4,
        "reacquire_min_markers": 4,
        "continue_min_markers": 3,
        "strong_4_subsets": [
          [
            0,
            2,
            3,
            4
          ]
        ],
        "strong_3_subsets": [
          [
            0,
            2,
            3
          ]
        ]
      },
      "source_shape_name": "head"
    },
    {
      "name": "waist",
      "marker_positions": [
        [
          0.04911700632296753,
          -0.014344166292323315,
          0.0020616566722843474
        ],
        [
          -0.00902812251354554,
          0.012217107402848,
          0.05049914715267569
        ],
        [
          -0.025993319558113934,
          -0.013457456756702953,
          0.008089134963861912
        ],
        [
          0.001368508670758973,
          0.062329817924592565,
          0.018388066279660737
        ],
        [
          0.03585044498502364,
          0.036048320910170246,
          0.01973771063708589
        ]
      ],
      "marker_diameter_m": 0.014,
      "tracking_policy": {
        "boot_min_markers": 4,
        "reacquire_min_markers": 4,
        "continue_min_markers": 3,
        "strong_4_subsets": [
          [
            0,
            1,
            2,
            4
          ]
        ],
        "strong_3_subsets": [
          [
            1,
            3,
            4
          ]
        ]
      },
      "source_shape_name": "waist"
    },
    {
      "name": "left_foot",
      "marker_positions": [
        [
          -0.04148867099763337,
          0.04984969136668947,
          0.004324170382390332
        ],
        [
          0.035845547253661986,
          0.008476153256657893,
          0.02650184734299828
        ],
        [
          0.056179669394048344,
          -0.032687214263466415,
          0.0006251163649004654
        ],
        [
          -0.017057089208470988,
          0.016899260060944974,
          0.046807725306317875
        ],
        [
          -0.03731028136277609,
          -0.023171029013821585,
          0.04791707753057486
        ]
      ],
      "marker_diameter_m": 0.014,
      "tracking_policy": {
        "boot_min_markers": 4,
        "reacquire_min_markers": 4,
        "continue_min_markers": 3,
        "strong_4_subsets": [
          [
            0,
            2,
            3,
            4
          ],
          [
            0,
            1,
            2,
            4
          ]
        ],
        "strong_3_subsets": [
          [
            0,
            2,
            4
          ]
        ]
      },
      "source_shape_name": "right_foot"
    },
    {
      "name": "right_foot",
      "marker_positions": [
        [
          0.014063004888047834,
          0.042748521566828984,
          0.031902970565425126
        ],
        [
          -0.03496451763116276,
          -0.0539522814111043,
          0.009572556469257225
        ],
        [
          -0.039551460537347774,
          0.044221631863547786,
          0.0
        ],
        [
          0.04327300250602474,
          0.01002123817786357,
          0.0188056373958303
        ],
        [
          0.013148785768467303,
          -0.06339732132783724,
          0.005734900284216443
        ]
      ],
      "marker_diameter_m": 0.014,
      "tracking_policy": {
        "boot_min_markers": 4,
        "reacquire_min_markers": 4,
        "continue_min_markers": 3,
        "strong_4_subsets": [
          [
            1,
            2,
            3,
            4
          ],
          [
            0,
            1,
            2,
            3
          ]
        ],
        "strong_3_subsets": [
          [
            1,
            2,
            3
          ]
        ]
      },
      "source_shape_name": "left_foot"
    }
  ]
}
