{
  "assignment": {
    "chest": "chest",
    "head": "head",
    "left_foot": "right_foot",
    "right_foot": "left_foot",
    "waist": "waist"
  },
  "blob_merges": 809,
  "marker_source_confusion_count": 0,
  "max_rot_p95_deg": 3.132519691930367,
  "pair_p95_ms": 5.880292,
  "rigid_p95_ms": 1.986291,
  "rot_p95_deg": {
    "chest": 3.132519691930367,
    "head": 0.6619831192485836,
    "left_foot": 0.7853807587722096,
    "right_foot": 0.9765119610670612,
    "waist": 1.8044932286885358
  },
  "valid_frame_ratio": {
    "chest": 1.0,
    "head": 1.0,
    "left_foot": 1.0,
    "right_foot": 1.0,
    "waist": 1.0
  },
  "valid_min": 1.0,
  "wall_s": 7.15,
  "wrong_ownership_count": 0
}
