{
  "elapsed_s": 34.12490487098694,
  "max_marker_source_confusion_count": 156,
  "max_pipeline_pair_p95_ms": 17.38475,
  "max_position_delta_error_m_by_rigid": {
    "chest": 0.0002977909270566773,
    "head": 0.0003204281622785947,
    "left_foot": 0.31157011452061956,
    "right_foot": 0.05582679020755217,
    "waist": 0.00027123145633737455
  },
  "max_position_delta_p95_m_by_rigid": {
    "chest": 0.00019528461566689086,
    "head": 0.00021150865956361467,
    "left_foot": 0.14117443923269773,
    "right_foot": 0.019301491979913838,
    "waist": 0.0001911141298328699
  },
  "max_rigid_p95_ms": 14.013542,
  "max_rotation_delta_error_deg_by_rigid": {
    "chest": 0.3961297436177878,
    "head": 0.34897168344613994,
    "left_foot": 128.8525591500334,
    "right_foot": 179.78843132538105,
    "waist": 0.5125601817746538
  },
  "max_rotation_delta_p95_deg_by_rigid": {
    "chest": 0.2756790978667048,
    "head": 0.2618176413569291,
    "left_foot": 53.34478809104138,
    "right_foot": 28.976172769727107,
    "waist": 0.30883585085811244
  },
  "max_wrong_ownership_count": 121,
  "mean_marker_source_confusion_count": 115.4,
  "mean_wrong_ownership_count": 28.0,
  "min_valid_frame_ratio_by_rigid": {
    "chest": 1.0,
    "head": 1.0,
    "left_foot": 0.09444444444444444,
    "right_foot": 0.8861111111111111,
    "waist": 1.0
  },
  "results": [
    {
      "marker_source_confusion_count": 156,
      "pipeline_pair_ms": {
        "last": 10.39125,
        "max": 45.929709,
        "mean": 10.036116283333333,
        "p95": 15.598167
      },
      "position_delta_error_m": {
        "chest": {
          "count": 359,
          "max": 0.0002872935428321181,
          "mean": 0.00010136007729755793,
          "min": 8.78042522431982e-06,
          "p05": 3.113167382045711e-05,
          "p95": 0.00019528461566689086
        },
        "head": {
          "count": 359,
          "max": 0.0002986595453993957,
          "mean": 0.00010482057981070128,
          "min": 6.247364078998279e-06,
          "p05": 3.4820438556745e-05,
          "p95": 0.00019870604309360146
        },
        "left_foot": {
          "count": 305,
          "max": 0.04124874128297757,
          "mean": 0.004697554940367901,
          "min": 2.515307188671723e-05,
          "p05": 0.00014508483923046612,
          "p95": 0.016639413751628064
        },
        "right_foot": {
          "count": 325,
          "max": 0.0518465945533554,
          "mean": 0.004005110248472674,
          "min": 4.086024409985865e-05,
          "p05": 0.00013677933215597169,
          "p95": 0.019301491979913838
        },
        "waist": {
          "count": 359,
          "max": 0.0002560251495950995,
          "mean": 0.00010830461873304711,
          "min": 5.358660012998452e-06,
          "p05": 3.9134116726666244e-05,
          "p95": 0.0001911141298328699
        }
      },
      "rigid_ms": {
        "last": 6.788417,
        "max": 42.373292,
        "mean": 6.850844425,
        "p95": 12.146791
      },
      "rotation_delta_error_deg": {
        "chest": {
          "count": 359,
          "max": 0.3961297436177878,
          "mean": 0.1477304375806938,
          "min": 0.02631235614220195,
          "p05": 0.058221251485016966,
          "p95": 0.26708229459840005
        },
        "head": {
          "count": 359,
          "max": 0.3466931296310771,
          "mean": 0.12647003078816244,
          "min": 0.011435274615511313,
          "p05": 0.04571733598023398,
          "p95": 0.24199886562404724
        },
        "left_foot": {
          "count": 305,
          "max": 64.34370572339753,
          "mean": 7.324539307589988,
          "min": 0.029846299911844593,
          "p05": 0.3214498748593733,
          "p95": 26.85614814434707
        },
        "right_foot": {
          "count": 325,
          "max": 176.89299774028407,
          "mean": 7.320086843379879,
          "min": 0.02708994018069334,
          "p05": 0.3244031614644247,
          "p95": 28.976172769727107
        },
        "waist": {
          "count": 359,
          "max": 0.5002996750495652,
          "mean": 0.1596792912532493,
          "min": 0.011828287099308546,
          "p05": 0.052321388647990436,
          "p95": 0.30291784255861526
        }
      },
      "seed": 40,
      "tracking": {
        "chest": {
          "last_pose_source": "generic"
        },
        "head": {
          "last_pose_source": "generic"
        },
        "left_foot": {
          "last_pose_source": "prediction_hold_2d_constrained"
        },
        "right_foot": {
          "last_pose_source": "prediction_hold_2d_constrained"
        },
        "waist": {
          "last_pose_source": "generic"
        }
      },
      "valid_frame_ratio": {
        "chest": 1.0,
        "head": 1.0,
        "left_foot": 0.85,
        "right_foot": 0.9055555555555556,
        "waist": 1.0
      },
      "wrong_ownership_count": 6
    },
    {
      "marker_source_confusion_count": 133,
      "pipeline_pair_ms": {
        "last": 20.279333,
        "max": 98.526416,
        "mean": 14.555005562500002,
        "p95": 17.38475
      },
      "position_delta_error_m": {
        "chest": {
          "count": 359,
          "max": 0.00024159480493964202,
          "mean": 0.00010415365434288363,
          "min": 1.3301072018397712e-05,
          "p05": 3.892408253811152e-05,
          "p95": 0.0001897862397993026
        },
        "head": {
          "count": 359,
          "max": 0.0003204281622785947,
          "mean": 9.372960324898935e-05,
          "min": 9.103241221108786e-06,
          "p05": 3.4773217775524184e-05,
          "p95": 0.0001763122648007083
        },
        "left_foot": {
          "count": 33,
          "max": 0.31157011452061956,
          "mean": 0.024824090466355926,
          "min": 5.722785872076809e-05,
          "p05": 6.279524728905582e-05,
          "p95": 0.14117443923269773
        },
        "right_foot": {
          "count": 318,
          "max": 0.05582679020755217,
          "mean": 0.0045875449702311,
          "min": 4.8464773269695036e-05,
          "p05": 0.0001440320517933901,
          "p95": 0.01890737691134684
        },
        "waist": {
          "count": 359,
          "max": 0.00026095750661980365,
          "mean": 0.00010736109776354825,
          "min": 1.4455572744504953e-05,
          "p05": 3.8017168972503496e-05,
          "p95": 0.0001843119599690435
        }
      },
      "rigid_ms": {
        "last": 16.320583,
        "max": 94.088417,
        "mean": 11.365348420833334,
        "p95": 14.013542
      },
      "rotation_delta_error_deg": {
        "chest": {
          "count": 359,
          "max": 0.39129239163428353,
          "mean": 0.1452942921208774,
          "min": 0.007300841953399702,
          "p05": 0.050406326157791045,
          "p95": 0.25021146644330994
        },
        "head": {
          "count": 359,
          "max": 0.3273123125053489,
          "mean": 0.1277853989912315,
          "min": 0.01674576113280326,
          "p05": 0.04191794289454025,
          "p95": 0.22950748859446699
        },
        "left_foot": {
          "count": 33,
          "max": 128.8525591500334,
          "mean": 14.83315227968919,
          "min": 0.029557758068531732,
          "p05": 0.06968452311871605,
          "p95": 53.34478809104138
        },
        "right_foot": {
          "count": 318,
          "max": 179.78843132538105,
          "mean": 7.756774873319087,
          "min": 0.0752590056565365,
          "p05": 0.3394812840201464,
          "p95": 27.2700583301319
        },
        "waist": {
          "count": 359,
          "max": 0.5125601817746538,
          "mean": 0.16478457622051565,
          "min": 0.027078019198331277,
          "p05": 0.055709398920572716,
          "p95": 0.28746841297914333
        }
      },
      "seed": 41,
      "tracking": {
        "chest": {
          "last_pose_source": "generic"
        },